week,store_id,product_id,discount_percent
1,S02,P033,20
1,S03,P038,5
1,S04,P033,15
1,S05,P038,5
1,S06,P006,10
1,S06,P014,5
1,S08,P005,15
1,S08,P006,15
1,S08,P014,5
1,S08,P030,10
1,S08,P032,5
1,S09,P038,5
1,S10,P038,10
1,S10,P041,5
2,S01,P006,5
2,S01,P014,15
2,S01,P050,5
2,S02,P005,10
2,S02,P007,5
2,S03,P006,15
2,S03,P007,5
2,S03,P014,10
2,S03,P022,5
2,S03,P032,5
2,S04,P006,10
2,S04,P043,5
2,S05,P022,5
2,S06,P014,10
2,S06,P050,15
2,S07,P007,5
2,S07,P050,5
2,S08,P016,5
2,S08,P027,10
2,S08,P030,10
2,S09,P016,5
2,S09,P032,15
2,S10,P050,5
3,S01,P022,15
3,S02,P005,15
3,S04,P033,10
3,S05,P006,5
3,S06,P033,10
3,S06,P038,15
3,S07,P015,5
3,S07,P016,5
3,S07,P027,10
3,S07,P030,10
3,S07,P032,5
3,S08,P005,5
3,S08,P011,10
3,S09,P027,15
3,S09,P043,10
3,S10,P007,5
4,S01,P016,5
4,S01,P022,5
4,S01,P038,10
4,S01,P043,10
4,S02,P027,5
4,S03,P027,5
4,S03,P041,5
4,S03,P043,10
4,S05,P005,15
4,S05,P014,20
4,S06,P038,15
4,S07,P005,15
4,S08,P007,20
4,S09,P014,5
4,S09,P027,10
4,S10,P022,5
5,S01,P005,10
5,S01,P043,5
5,S01,P050,5
5,S03,P005,10
5,S03,P016,10
5,S04,P005,5
5,S04,P027,5
5,S04,P030,10
5,S05,P011,5
5,S08,P016,5
5,S09,P038,15
6,S01,P014,5
6,S02,P006,5
6,S02,P011,10
6,S04,P014,10
6,S04,P022,15
6,S04,P038,5
6,S06,P050,10
6,S07,P022,5
6,S08,P032,10
6,S09,P011,5
6,S09,P041,5
7,S02,P022,5
7,S03,P022,5
7,S03,P043,5
7,S04,P006,15
7,S04,P014,5
7,S04,P027,5
7,S04,P050,15
7,S05,P005,10
7,S06,P050,5
7,S07,P038,10
7,S07,P041,5
7,S08,P011,10
7,S08,P027,10
7,S08,P050,5
7,S09,P030,15
7,S09,P038,10
7,S10,P006,5
7,S10,P014,5
7,S10,P016,15
7,S10,P022,5
7,S10,P043,10
8,S01,P014,10
8,S01,P038,10
8,S04,P011,10
8,S05,P016,5
8,S07,P022,5
8,S07,P027,5
8,S08,P022,5
8,S08,P038,5
8,S09,P050,5
9,S01,P022,15
9,S02,P022,10
9,S04,P022,5
9,S04,P043,5
9,S05,P006,5
9,S05,P041,15
9,S06,P032,10
9,S07,P041,10
9,S09,P022,5
9,S09,P038,15
9,S10,P014,20
10,S01,P016,10
10,S03,P005,5
10,S03,P014,5
10,S04,P007,5
10,S04,P032,5
10,S04,P038,10
10,S05,P027,5
10,S05,P033,15
10,S05,P050,10
10,S07,P005,5
10,S07,P016,5
10,S07,P033,5
10,S08,P014,20
10,S08,P041,5
10,S09,P005,10
11,S01,P032,10
11,S02,P005,5
11,S02,P006,10
11,S02,P011,5
11,S02,P015,5
11,S03,P011,20
11,S04,P005,10
11,S05,P014,5
11,S07,P038,10
11,S08,P005,5
11,S08,P033,15
11,S09,P011,5
11,S09,P050,5
11,S10,P011,15
12,S01,P006,5
12,S01,P007,10
12,S01,P038,10
12,S02,P050,10
12,S03,P005,15
12,S03,P043,5
12,S04,P022,15
12,S04,P033,5
12,S05,P016,5
12,S05,P027,5
12,S06,P015,5
12,S07,P007,5
12,S07,P011,5
12,S07,P030,10
12,S07,P038,10
12,S07,P050,5
12,S09,P007,5
12,S09,P043,5
12,S10,P014,15
13,S01,P038,5
13,S02,P014,15
13,S04,P027,5
13,S05,P032,10
13,S06,P014,5
13,S07,P005,10
13,S07,P022,5
13,S08,P043,20
13,S09,P015,5
13,S10,P022,5
14,S01,P038,15
14,S02,P030,15
14,S02,P032,10
14,S03,P014,10
14,S03,P015,5
14,S03,P022,5
14,S03,P027,5
14,S04,P005,5
14,S04,P007,5
14,S04,P030,20
14,S05,P015,10
14,S05,P022,10
14,S05,P030,10
14,S06,P011,5
14,S06,P014,5
14,S06,P033,10
14,S07,P011,5
14,S07,P015,5
14,S07,P033,5
14,S07,P038,10
14,S09,P022,5
14,S09,P032,5
14,S10,P030,20
15,S01,P007,5
15,S01,P011,5
15,S01,P027,5
15,S02,P043,15
15,S04,P032,5
15,S05,P006,10
15,S06,P022,15
15,S07,P007,10
15,S07,P022,10
15,S07,P043,15
15,S08,P022,5
15,S09,P005,10
15,S09,P015,5
15,S10,P005,5
15,S10,P006,10
16,S01,P027,10
16,S02,P022,5
16,S02,P050,5
16,S03,P006,5
16,S03,P015,10
16,S04,P050,5
16,S07,P011,5
16,S07,P033,5
16,S08,P007,10
16,S08,P038,5
16,S08,P041,5
16,S09,P005,5
16,S09,P027,5
16,S10,P014,15
16,S10,P032,10
17,S01,P006,5
17,S02,P016,5
17,S02,P032,5
17,S03,P016,20
17,S03,P032,15
17,S04,P032,15
17,S05,P015,5
17,S05,P033,10
17,S06,P005,5
17,S06,P043,5
17,S07,P011,5
17,S08,P014,5
18,S01,P007,10
18,S01,P022,5
18,S03,P007,10
18,S03,P015,5
18,S05,P041,5
18,S06,P027,20
18,S07,P007,10
18,S07,P050,10
18,S08,P027,5
18,S08,P043,10
18,S09,P038,10
18,S09,P043,10
19,S01,P011,20
19,S02,P011,5
19,S03,P022,5
19,S03,P027,15
19,S03,P032,5
19,S04,P006,10
19,S04,P022,5
19,S05,P015,5
19,S06,P006,15
19,S07,P011,10
19,S08,P007,15
19,S08,P011,10
19,S08,P014,10
19,S10,P027,5
19,S10,P041,5
20,S01,P011,15
20,S01,P014,10
20,S01,P050,10
20,S03,P006,10
20,S03,P011,10
20,S03,P050,5
20,S05,P011,10
20,S06,P030,20
20,S07,P011,5
20,S08,P007,5
20,S08,P041,10
20,S09,P030,5
21,S01,P005,10
21,S01,P032,15
21,S02,P022,5
21,S02,P050,10
21,S03,P007,10
21,S05,P041,10
21,S06,P016,10
21,S06,P038,5
21,S07,P016,5
21,S07,P041,5
21,S08,P005,5
21,S08,P041,5
21,S09,P011,20
21,S09,P015,15
21,S09,P032,10
21,S09,P038,15
21,S10,P006,5
21,S10,P007,5
21,S10,P011,15
22,S01,P006,15
22,S01,P022,5
22,S01,P027,10
22,S01,P041,15
22,S02,P014,10
22,S02,P027,5
22,S04,P015,10
22,S04,P043,5
22,S06,P006,5
22,S06,P027,5
22,S07,P033,5
22,S08,P011,10
22,S09,P007,5
22,S09,P015,5
22,S09,P022,5
22,S09,P050,5
22,S10,P041,15
23,S01,P038,5
23,S02,P011,5
23,S02,P041,15
23,S02,P043,5
23,S03,P005,10
23,S03,P043,15
23,S04,P043,10
23,S05,P016,10
23,S06,P041,10
23,S08,P050,10
23,S10,P041,5
24,S01,P016,10
24,S01,P033,10
24,S01,P043,10
24,S03,P016,10
24,S04,P014,15
24,S05,P011,15
24,S05,P022,10
24,S05,P050,10
24,S06,P014,10
24,S06,P016,15
24,S06,P022,5
24,S06,P032,5
24,S06,P038,15
24,S07,P014,5
24,S07,P015,5
24,S07,P027,15
24,S07,P041,5
24,S08,P027,5
24,S09,P014,5
24,S09,P022,15
24,S09,P041,15
25,S01,P030,5
25,S01,P043,15
25,S02,P005,10
25,S04,P005,5
25,S05,P014,15
25,S05,P022,15
25,S05,P050,15
25,S06,P015,10
25,S06,P030,5
25,S06,P050,15
25,S07,P014,5
25,S07,P050,10
25,S09,P005,5
25,S09,P030,5
25,S09,P050,5
25,S10,P015,10
25,S10,P022,5
25,S10,P027,15
26,S01,P016,5
26,S01,P027,5
26,S02,P043,5
26,S03,P016,10
26,S05,P030,10
26,S06,P007,5
26,S06,P030,5
26,S06,P043,5
26,S07,P014,5
26,S07,P016,10
26,S09,P016,5
26,S09,P030,5
26,S10,P041,5
27,S02,P043,15
27,S03,P032,10
27,S03,P033,10
27,S04,P006,5
27,S04,P007,10
27,S04,P033,5
27,S04,P038,5
27,S04,P043,5
27,S05,P015,15
27,S05,P027,15
27,S05,P030,10
27,S05,P050,10
27,S06,P006,15
27,S06,P032,5
27,S07,P005,10
27,S08,P015,5
27,S08,P022,10
27,S09,P006,10
28,S01,P030,10
28,S01,P043,5
28,S03,P027,10
28,S03,P032,5
28,S04,P005,10
28,S04,P016,15
28,S05,P006,5
28,S08,P006,15
28,S09,P027,10
28,S10,P006,5
28,S10,P022,10
28,S10,P041,10
29,S02,P007,5
29,S03,P027,5
29,S03,P033,5
29,S04,P050,5
29,S05,P011,10
29,S05,P022,10
29,S05,P030,20
29,S05,P041,10
29,S06,P011,10
29,S06,P014,5
29,S06,P022,10
29,S07,P041,10
29,S08,P032,10
29,S09,P014,10
29,S09,P032,10
29,S09,P038,5
29,S09,P043,5
29,S09,P050,10
30,S01,P022,5
30,S01,P030,5
30,S01,P050,10
30,S02,P006,10
30,S02,P014,5
30,S02,P030,10
30,S02,P050,10
30,S04,P006,5
30,S05,P007,10
30,S05,P043,5
30,S06,P007,5
30,S06,P014,10
30,S06,P022,15
30,S07,P032,5
30,S10,P043,15
31,S01,P005,20
31,S01,P022,10
31,S03,P005,5
31,S03,P016,5
31,S04,P011,5
31,S05,P033,5
31,S07,P022,5
31,S07,P050,5
31,S08,P006,5
31,S08,P011,10
31,S08,P030,5
31,S09,P006,5
31,S10,P032,5
31,S10,P050,15
32,S01,P011,5
32,S01,P033,5
32,S02,P032,15
32,S02,P041,10
32,S03,P011,10
32,S03,P038,10
32,S04,P033,10
32,S06,P014,10
32,S07,P014,10
32,S08,P041,10
32,S10,P016,5
32,S10,P041,10
33,S02,P032,5
33,S03,P007,10
33,S03,P041,10
33,S04,P005,5
33,S05,P022,5
33,S06,P038,10
33,S07,P007,5
33,S08,P011,10
33,S08,P014,15
33,S09,P015,15
33,S09,P022,15
33,S09,P038,5
33,S10,P007,5
33,S10,P022,5
34,S01,P014,15
34,S02,P005,15
34,S03,P005,10
34,S03,P033,20
34,S04,P014,15
34,S05,P030,5
34,S05,P041,15
34,S05,P043,5
34,S06,P033,5
34,S08,P015,5
34,S08,P032,5
34,S10,P005,15
34,S10,P027,5
35,S01,P007,10
35,S01,P016,5
35,S01,P033,15
35,S02,P014,5
35,S02,P038,5
35,S03,P033,5
35,S04,P007,5
35,S04,P033,5
35,S04,P041,5
35,S05,P016,5
35,S05,P030,10
35,S06,P030,5
35,S07,P015,5
35,S07,P016,15
35,S07,P030,5
35,S07,P041,5
35,S08,P043,20
35,S09,P016,15
35,S10,P015,15
35,S10,P050,10
36,S02,P007,5
36,S02,P015,10
36,S02,P033,5
36,S03,P016,5
36,S05,P006,5
36,S05,P027,15
36,S05,P050,15
36,S06,P005,10
36,S06,P014,5
36,S08,P043,10
36,S09,P030,5
36,S09,P043,5
36,S10,P005,5
36,S10,P027,10
37,S01,P030,5
37,S01,P038,5
37,S02,P041,5
37,S03,P016,15
37,S03,P022,5
37,S03,P033,10
37,S04,P050,10
37,S05,P007,10
37,S06,P015,5
37,S06,P033,15
37,S07,P014,10
37,S09,P016,5
37,S10,P022,10
38,S03,P011,10
38,S03,P038,5
38,S03,P050,10
38,S04,P016,10
38,S04,P038,10
38,S04,P043,5
38,S05,P032,20
38,S05,P050,10
38,S06,P014,5
38,S06,P016,15
38,S06,P032,10
38,S07,P050,10
38,S08,P030,5
38,S08,P043,10
38,S10,P014,5
38,S10,P030,5
39,S01,P014,15
39,S03,P022,5
39,S04,P041,5
39,S05,P043,5
39,S06,P022,10
39,S06,P038,5
39,S10,P007,5
39,S10,P027,5
40,S01,P014,15
40,S02,P011,5
40,S02,P014,10
40,S02,P022,5
40,S04,P006,10
40,S05,P006,10
40,S05,P041,10
40,S05,P050,5
40,S06,P011,5
40,S07,P032,15
40,S08,P011,5
40,S08,P050,5
40,S09,P033,10
40,S10,P007,5
40,S10,P030,5
41,S01,P030,10
41,S02,P007,15
41,S03,P011,10
41,S03,P032,5
41,S04,P015,10
41,S04,P038,5
41,S05,P027,10
41,S05,P033,10
41,S06,P032,10
41,S06,P033,10
41,S09,P032,5
41,S10,P011,10
41,S10,P050,5
42,S01,P007,5
42,S02,P005,10
42,S02,P022,10
42,S03,P005,10
42,S03,P011,10
42,S04,P038,15
42,S04,P043,10
42,S06,P041,10
42,S07,P006,5
42,S07,P014,10
42,S07,P022,10
42,S07,P027,5
42,S07,P030,5
42,S08,P032,5
42,S09,P015,10
42,S10,P016,5
43,S01,P014,5
43,S01,P022,10
43,S02,P033,15
43,S04,P005,10
43,S05,P032,20
43,S06,P032,5
43,S07,P016,20
43,S08,P022,15
43,S09,P011,5
43,S10,P006,10
43,S10,P015,20
44,S01,P016,10
44,S02,P033,10
44,S02,P050,5
44,S03,P005,5
44,S03,P011,20
44,S03,P032,5
44,S04,P033,5
44,S04,P050,15
44,S05,P014,5
44,S05,P033,10
44,S06,P041,5
44,S09,P022,5
44,S10,P006,5
44,S10,P030,5
45,S01,P014,5
45,S01,P038,15
45,S01,P043,10
45,S02,P043,5
45,S03,P016,5
45,S03,P022,10
45,S03,P041,10
45,S03,P050,5
45,S04,P033,5
45,S05,P005,10
45,S05,P032,10
45,S05,P038,15
45,S05,P043,5
45,S06,P007,5
45,S06,P016,5
45,S07,P007,5
45,S07,P032,10
45,S08,P016,5
45,S09,P027,5
45,S10,P032,10
45,S10,P038,5
45,S10,P041,5
46,S01,P006,10
46,S01,P011,5
46,S02,P007,20
46,S03,P027,15
46,S04,P050,10
46,S05,P005,20
46,S06,P041,10
46,S08,P005,10
46,S08,P016,5
46,S08,P038,5
46,S08,P041,5
46,S09,P016,20
46,S09,P041,5
46,S10,P027,10
46,S10,P030,5
47,S01,P016,5
47,S02,P041,10
47,S02,P050,5
47,S03,P007,15
47,S03,P014,10
47,S03,P015,5
47,S04,P027,15
47,S05,P030,5
47,S08,P006,10
47,S08,P007,5
47,S09,P038,5
48,S01,P016,5
48,S01,P022,15
48,S01,P038,10
48,S02,P033,10
48,S03,P006,10
48,S03,P014,10
48,S03,P033,10
48,S04,P005,5
48,S04,P014,10
48,S06,P011,5
48,S06,P015,15
48,S07,P006,10
48,S07,P033,15
48,S08,P006,5
48,S08,P007,5
48,S09,P011,15
49,S01,P007,10
49,S01,P014,5
49,S01,P033,5
49,S01,P041,5
49,S02,P032,20
49,S03,P043,15
49,S04,P005,10
49,S05,P006,5
49,S05,P022,5
49,S05,P041,10
49,S06,P015,10
49,S06,P022,15
49,S07,P014,5
49,S08,P007,5
49,S09,P027,5
49,S09,P041,5
50,S02,P027,10
50,S02,P033,10
50,S02,P041,5
50,S03,P005,5
50,S03,P006,5
50,S03,P041,5
50,S03,P050,5
50,S04,P050,5
50,S05,P006,5
50,S07,P033,20
50,S07,P038,15
50,S09,P016,5
50,S09,P050,10
50,S10,P014,15
51,S01,P005,5
51,S01,P007,5
51,S01,P014,15
51,S01,P022,10
51,S02,P015,5
51,S03,P005,10
51,S03,P007,5
51,S04,P006,5
51,S04,P027,10
51,S05,P005,10
51,S05,P032,15
51,S06,P007,15
51,S07,P041,5
51,S07,P043,5
51,S08,P007,10
51,S08,P043,5
51,S09,P005,10
51,S09,P016,10
51,S09,P043,15
51,S10,P007,10
51,S10,P014,15
52,S01,P030,5
52,S03,P033,15
52,S04,P015,10
52,S05,P038,15
52,S05,P041,15
52,S06,P006,5
52,S06,P015,5
52,S06,P027,20
52,S06,P033,10
52,S06,P043,15
52,S07,P011,5
52,S07,P043,15
52,S09,P022,15
52,S10,P014,5
52,S10,P030,10
1,S01,P020,5
1,S03,P023,10
1,S04,P047,15
1,S06,P045,15
1,S09,P001,10
1,S10,P023,5
1,S10,P047,10
2,S02,P017,20
2,S02,P023,5
2,S02,P047,5
2,S04,P024,5
2,S06,P001,5
2,S09,P001,10
2,S10,P017,15
2,S10,P024,15
2,S10,P047,20
3,S01,P001,15
3,S01,P023,5
3,S02,P045,10
3,S03,P023,15
3,S03,P047,10
3,S06,P017,10
3,S07,P020,10
3,S10,P047,10
4,S01,P020,10
4,S01,P024,10
4,S01,P045,15
4,S03,P017,15
4,S05,P047,10
4,S06,P047,5
4,S07,P017,10
4,S07,P047,10
4,S09,P023,15
4,S10,P017,15
5,S02,P023,5
5,S06,P001,5
5,S06,P024,10
5,S07,P024,5
5,S07,P047,15
5,S08,P047,5
5,S09,P017,5
5,S09,P020,5
6,S03,P023,5
6,S05,P001,10
6,S06,P045,10
6,S08,P001,10
6,S09,P017,10
7,S01,P024,5
7,S02,P001,10
7,S02,P047,5
7,S05,P023,5
7,S05,P037,5
7,S10,P024,5
8,S02,P037,10
8,S04,P023,10
8,S08,P024,5
8,S08,P037,5
8,S09,P001,20
8,S09,P020,15
9,S03,P023,15
9,S04,P001,5
9,S04,P045,20
9,S05,P017,5
9,S07,P047,15
9,S09,P001,20
10,S02,P045,5
10,S04,P037,20
10,S06,P001,10
10,S06,P047,15
10,S07,P037,10
10,S08,P001,5
10,S08,P020,10
10,S09,P020,5
10,S10,P047,20
11,S01,P024,10
11,S02,P024,15
11,S03,P017,10
11,S03,P023,10
11,S03,P037,10
11,S04,P017,10
11,S05,P017,5
11,S05,P024,15
11,S06,P017,10
11,S06,P024,10
11,S06,P045,5
11,S07,P024,15
11,S07,P037,5
11,S09,P045,10
11,S10,P045,10
12,S01,P001,5
12,S02,P037,10
12,S03,P037,5
12,S04,P017,5
12,S04,P024,5
12,S06,P001,15
12,S06,P024,10
12,S10,P047,10
13,S03,P001,5
13,S04,P020,5
13,S06,P017,10
13,S06,P045,10
13,S07,P037,5
13,S08,P023,5
13,S08,P024,5
13,S08,P037,10
13,S09,P024,5
13,S10,P017,15
14,S03,P024,15
14,S04,P020,5
14,S07,P020,10
14,S08,P017,10
15,S01,P017,20
15,S01,P020,15
15,S02,P045,10
15,S03,P037,15
15,S04,P023,10
15,S06,P023,5
15,S09,P037,10
16,S02,P023,15
16,S03,P045,5
16,S04,P017,5
16,S04,P020,15
16,S04,P024,15
16,S05,P045,5
16,S06,P001,20
16,S08,P001,10
16,S08,P020,10
16,S08,P023,15
16,S08,P024,10
16,S09,P017,20
17,S01,P045,5
17,S02,P024,15
17,S03,P001,20
17,S03,P047,10
17,S04,P045,5
17,S04,P047,15
17,S07,P045,20
17,S10,P023,5
18,S03,P047,10
18,S06,P037,10
18,S08,P047,10
18,S09,P045,5
18,S10,P047,10
19,S02,P023,15
19,S04,P017,5
19,S05,P024,5
19,S05,P037,15
19,S06,P017,15
19,S06,P045,5
19,S07,P001,15
20,S01,P047,5
20,S02,P020,5
20,S02,P047,15
20,S05,P017,15
20,S06,P047,5
20,S08,P017,10
20,S08,P020,5
20,S08,P023,5
20,S08,P024,20
21,S01,P023,5
21,S01,P047,10
21,S04,P001,5
21,S04,P037,10
21,S05,P023,5
21,S08,P023,5
21,S09,P020,5
21,S09,P037,5
21,S09,P047,5
22,S01,P023,10
22,S01,P024,10
22,S03,P037,5
22,S03,P045,5
22,S04,P001,5
22,S05,P024,10
22,S06,P023,5
22,S06,P024,10
22,S06,P037,5
22,S07,P023,20
22,S09,P020,15
22,S09,P024,10
23,S01,P001,15
23,S01,P020,5
23,S01,P023,10
23,S02,P001,20
23,S03,P047,5
23,S05,P017,5
23,S07,P020,10
23,S08,P024,20
23,S08,P045,5
23,S10,P037,10
23,S10,P045,20
24,S01,P001,10
24,S01,P045,5
24,S01,P047,5
24,S02,P023,10
24,S02,P047,20
24,S04,P023,20
24,S07,P001,10
24,S07,P020,10
24,S07,P047,5
24,S08,P001,5
24,S09,P020,10
24,S10,P045,10
25,S01,P020,5
25,S01,P037,5
25,S02,P017,5
25,S03,P045,10
25,S04,P017,5
25,S04,P020,15
25,S05,P024,15
25,S07,P017,5
25,S07,P023,5
25,S08,P024,5
26,S01,P001,10
26,S01,P024,10
26,S04,P023,5
26,S04,P047,5
26,S05,P047,5
26,S07,P020,5
26,S09,P001,10
26,S09,P017,5
26,S09,P045,10
27,S02,P017,15
27,S02,P037,5
27,S03,P020,10
27,S03,P037,5
27,S03,P047,5
27,S04,P047,5
27,S05,P001,5
27,S05,P020,10
27,S06,P047,5
27,S07,P023,5
27,S08,P023,20
27,S10,P001,10
27,S10,P037,10
28,S01,P001,5
28,S02,P047,5
28,S03,P017,5
28,S03,P045,5
28,S04,P024,5
28,S05,P023,10
28,S06,P023,10
28,S08,P037,10
28,S09,P001,5
28,S10,P037,10
29,S01,P024,10
29,S04,P045,10
29,S05,P001,15
29,S05,P037,10
29,S06,P020,10
29,S06,P024,5
29,S09,P001,5
29,S09,P045,20
29,S10,P045,5
30,S01,P001,5
30,S01,P037,15
30,S02,P023,5
30,S03,P024,5
30,S05,P001,5
30,S07,P017,5
30,S07,P023,5
30,S09,P020,15
30,S10,P017,15
31,S01,P047,5
31,S03,P045,15
31,S05,P020,5
31,S05,P037,5
31,S05,P045,15
31,S06,P001,15
31,S06,P020,15
31,S07,P017,5
31,S08,P001,5
31,S09,P023,15
31,S10,P023,10
32,S01,P017,15
32,S01,P024,10
32,S02,P045,5
32,S03,P024,20
32,S06,P024,5
32,S06,P047,5
32,S07,P023,10
32,S07,P045,5
32,S08,P023,5
32,S08,P037,10
32,S09,P045,5
33,S01,P045,15
33,S02,P037,15
33,S04,P020,5
33,S04,P023,20
33,S06,P020,10
33,S06,P045,10
33,S07,P024,5
33,S09,P001,5
33,S09,P017,10
33,S09,P020,10
34,S02,P045,15
34,S03,P023,15
34,S03,P037,10
34,S04,P017,5
34,S04,P037,10
34,S04,P045,10
34,S04,P047,5
34,S05,P024,15
34,S06,P037,5
34,S08,P037,5
34,S09,P017,10
34,S10,P017,10
34,S10,P023,15
35,S01,P047,10
35,S02,P023,15
35,S04,P020,5
35,S05,P045,10
35,S07,P001,5
35,S07,P017,20
35,S07,P047,5
35,S08,P017,5
35,S08,P045,5
36,S01,P023,5
36,S06,P001,5
36,S06,P047,5
36,S07,P020,5
36,S07,P045,10
36,S08,P017,5
36,S09,P024,5
36,S10,P017,10
37,S02,P024,10
37,S03,P045,10
37,S07,P023,5
37,S07,P024,10
37,S07,P037,10
37,S08,P017,20
37,S08,P045,5
37,S09,P023,10
37,S09,P024,10
37,S10,P020,10
37,S10,P047,5
38,S01,P023,10
38,S01,P024,5
38,S02,P001,5
38,S03,P024,5
38,S03,P037,10
38,S03,P047,5
38,S04,P037,5
38,S06,P017,10
38,S07,P024,5
39,S02,P001,10
39,S02,P023,10
39,S02,P024,5
39,S03,P017,15
39,S04,P001,5
39,S05,P020,10
39,S05,P037,5
39,S05,P047,5
39,S06,P017,15
39,S07,P024,15
39,S07,P045,15
39,S08,P020,5
39,S08,P023,5
39,S09,P023,10
39,S10,P001,5
40,S03,P017,10
40,S03,P020,10
40,S04,P023,5
40,S05,P020,5
40,S07,P017,10
40,S08,P047,5
40,S10,P024,10
41,S01,P020,10
41,S02,P017,5
41,S02,P023,10
41,S02,P037,15
41,S02,P045,15
41,S03,P037,5
41,S04,P017,5
41,S06,P045,5
41,S08,P001,5
41,S09,P023,5
42,S01,P037,10
42,S03,P001,10
42,S04,P037,10
42,S04,P047,5
42,S08,P045,20
42,S09,P037,5
42,S10,P017,5
43,S01,P023,10
43,S01,P045,5
43,S01,P047,10
43,S02,P001,15
43,S02,P023,10
43,S04,P017,5
43,S07,P001,5
43,S07,P023,10
43,S07,P024,10
43,S09,P045,10
44,S02,P024,20
44,S03,P017,5
44,S05,P037,5
44,S06,P024,5
44,S08,P023,5
44,S09,P001,10
44,S10,P017,20
45,S01,P037,10
45,S01,P045,5
45,S02,P047,10
45,S03,P024,10
45,S03,P045,15
45,S03,P047,5
45,S05,P047,5
45,S07,P023,5
45,S07,P045,5
45,S08,P045,10
45,S09,P017,5
46,S02,P045,5
46,S04,P017,5
46,S06,P045,20
46,S07,P001,5
46,S07,P020,10
46,S07,P045,10
46,S08,P024,5
46,S09,P037,5
46,S10,P020,10
47,S01,P023,10
47,S02,P020,15
47,S03,P001,5
47,S03,P023,5
47,S04,P037,15
47,S05,P037,5
47,S06,P017,10
47,S08,P001,5
47,S08,P045,10
48,S01,P001,5
48,S02,P001,5
48,S02,P045,10
48,S02,P047,5
48,S05,P023,5
48,S05,P045,10
48,S06,P001,10
48,S06,P037,15
48,S07,P001,5
48,S07,P023,10
48,S10,P045,5
49,S06,P001,5
49,S06,P020,15
49,S06,P047,15
49,S08,P020,15
49,S08,P037,5
50,S02,P037,5
50,S04,P017,10
50,S05,P023,5
50,S07,P024,5
50,S07,P045,5
50,S08,P045,5
50,S08,P047,5
50,S10,P020,5
50,S10,P023,5
50,S10,P045,5
51,S01,P020,5
51,S01,P024,10
51,S04,P001,15
51,S05,P001,5
51,S05,P045,10
51,S05,P047,10
51,S06,P023,15
51,S10,P001,10
51,S10,P020,5
52,S01,P020,15
52,S02,P024,5
52,S03,P047,5
52,S04,P024,5
52,S05,P020,5
52,S05,P045,5
52,S06,P023,5
52,S06,P045,10
52,S09,P020,20
52,S09,P037,15
52,S09,P047,10
1,S01,P004,20
1,S01,P009,5
1,S01,P018,5
1,S01,P019,5
1,S02,P009,5
1,S02,P025,15
1,S02,P031,10
1,S02,P042,20
1,S03,P019,10
1,S03,P021,15
1,S03,P025,15
1,S03,P028,10
1,S03,P042,10
1,S04,P019,20
1,S04,P025,15
1,S04,P028,10
1,S04,P029,20
1,S04,P042,5
1,S05,P009,15
1,S05,P021,10
1,S05,P025,20
1,S05,P028,25
1,S05,P029,20
1,S05,P048,10
1,S06,P031,20
1,S07,P004,5
1,S07,P021,15
1,S07,P025,10
1,S07,P048,5
1,S08,P004,15
1,S08,P021,10
1,S08,P031,15
1,S09,P004,20
1,S09,P025,5
1,S09,P028,15
1,S09,P031,20
1,S09,P042,10
1,S09,P048,15
1,S10,P004,5
1,S10,P025,20
2,S01,P004,20
2,S01,P009,5
2,S01,P019,20
2,S01,P021,20
2,S01,P025,10
2,S03,P028,15
2,S03,P048,5
2,S04,P009,25
2,S04,P025,15
2,S04,P031,15
2,S04,P040,15
2,S04,P042,15
2,S04,P049,20
2,S05,P004,15
2,S05,P029,15
2,S05,P042,5
2,S06,P004,25
2,S06,P028,15
2,S06,P029,15
2,S06,P040,25
2,S07,P004,10
2,S07,P025,10
2,S07,P029,15
2,S08,P025,20
2,S08,P028,25
2,S08,P029,10
2,S08,P040,20
2,S08,P049,25
2,S09,P009,15
2,S09,P042,15
2,S10,P021,25
2,S10,P025,15
2,S10,P031,20
2,S10,P042,10
3,S01,P028,10
3,S01,P031,25
3,S01,P042,5
3,S01,P049,10
3,S02,P031,10
3,S03,P009,15
3,S03,P028,15
3,S03,P031,10
3,S04,P019,25
3,S04,P025,10
3,S04,P029,10
3,S05,P021,15
3,S05,P029,15
3,S05,P042,10
3,S06,P004,10
3,S06,P019,10
3,S06,P042,10
3,S07,P004,10
3,S07,P018,15
3,S07,P031,20
3,S08,P025,20
3,S08,P048,5
3,S08,P049,10
3,S09,P042,20
3,S09,P048,15
3,S10,P019,10
3,S10,P021,15
3,S10,P031,20
4,S01,P004,15
4,S01,P025,20
4,S01,P031,25
4,S01,P040,15
4,S01,P048,15
4,S02,P019,5
4,S02,P021,10
4,S02,P040,15
4,S03,P009,10
4,S03,P018,25
4,S03,P042,10
4,S03,P049,20
4,S04,P004,10
4,S04,P009,15
4,S04,P021,20
4,S04,P040,10
4,S04,P042,5
4,S05,P029,15
4,S05,P031,20
4,S05,P040,25
4,S05,P048,5
4,S05,P049,15
4,S06,P021,15
4,S06,P025,25
4,S06,P028,25
4,S06,P040,15
4,S07,P009,15
4,S07,P018,5
4,S07,P040,10
4,S09,P004,15
4,S09,P028,15
4,S09,P031,15
4,S10,P009,15
4,S10,P018,10
4,S10,P028,15
4,S10,P029,5
4,S10,P040,5
4,S10,P048,20
5,S01,P004,5
5,S01,P019,20
5,S01,P028,10
5,S01,P049,10
5,S02,P021,15
5,S03,P004,10
5,S03,P009,10
5,S03,P028,25
5,S03,P040,15
5,S03,P049,10
5,S04,P004,10
5,S04,P028,10
5,S04,P029,15
5,S04,P040,15
5,S04,P042,10
5,S05,P004,20
5,S05,P019,20
5,S05,P025,25
5,S05,P029,5
5,S05,P040,10
5,S06,P009,20
5,S06,P019,10
5,S06,P025,5
5,S06,P040,20
5,S07,P019,10
5,S08,P009,10
5,S08,P019,20
5,S08,P048,10
5,S08,P049,20
5,S09,P004,15
5,S09,P009,15
5,S09,P018,10
5,S09,P021,10
5,S09,P025,15
5,S09,P028,10
5,S09,P042,25
5,S10,P004,15
5,S10,P028,10
5,S10,P031,20
6,S01,P009,10
6,S01,P042,15
6,S02,P004,15
6,S02,P009,15
6,S02,P019,10
6,S02,P029,5
6,S02,P031,20
6,S02,P048,5
6,S02,P049,15
6,S03,P004,5
6,S03,P029,10
6,S03,P031,5
6,S03,P040,15
6,S04,P004,15
6,S04,P009,5
6,S04,P018,10
6,S04,P021,25
6,S04,P025,10
6,S04,P029,20
6,S04,P040,25
6,S05,P029,25
6,S05,P048,20
6,S06,P004,10
6,S06,P018,25
6,S06,P021,20
6,S06,P025,20
6,S06,P042,25
6,S07,P004,20
6,S07,P018,20
6,S07,P031,5
6,S08,P004,10
6,S08,P009,25
6,S08,P018,15
6,S08,P019,10
6,S08,P021,20
6,S08,P029,5
6,S08,P040,10
6,S09,P009,10
6,S09,P025,10
6,S09,P040,10
6,S09,P049,5
6,S10,P004,15
6,S10,P009,25
6,S10,P018,15
6,S10,P019,10
6,S10,P025,5
6,S10,P028,20
6,S10,P048,10
7,S01,P009,10
7,S01,P048,10
7,S02,P018,15
7,S02,P025,15
7,S02,P029,25
7,S02,P040,5
7,S02,P042,25
7,S03,P004,10
7,S03,P018,15
7,S03,P019,15
7,S03,P025,15
7,S03,P042,15
7,S04,P004,10
7,S04,P025,5
7,S04,P040,15
7,S05,P021,15
7,S05,P048,10
7,S05,P049,25
7,S07,P018,10
7,S07,P029,10
7,S07,P031,5
7,S07,P042,15
7,S07,P049,10
7,S08,P009,15
7,S08,P031,5
7,S09,P019,20
7,S09,P040,15
7,S09,P049,10
7,S10,P031,5
7,S10,P042,20
8,S01,P018,5
8,S02,P009,25
8,S02,P021,10
8,S02,P025,20
8,S02,P028,20
8,S02,P031,10
8,S02,P040,10
8,S02,P048,25
8,S02,P049,15
8,S03,P025,10
8,S03,P028,10
8,S03,P031,10
8,S03,P042,10
8,S03,P048,15
8,S04,P028,5
8,S05,P021,10
8,S05,P028,15
8,S05,P048,10
8,S05,P049,5
8,S06,P009,5
8,S06,P031,5
8,S06,P040,20
8,S06,P049,15
8,S07,P042,5
8,S07,P048,10
8,S08,P019,10
8,S08,P025,15
8,S08,P040,15
8,S09,P021,15
8,S09,P031,10
8,S09,P040,5
8,S09,P042,20
8,S10,P031,20
9,S01,P004,25
9,S01,P021,5
9,S01,P031,20
9,S01,P040,15
9,S02,P019,25
9,S02,P040,10
9,S03,P009,20
9,S03,P021,5
9,S03,P028,15
9,S03,P042,10
9,S04,P018,20
9,S04,P042,20
9,S04,P049,10
9,S05,P009,15
9,S05,P019,5
9,S05,P028,10
9,S05,P040,10
9,S06,P019,20
9,S06,P040,5
9,S06,P049,15
9,S07,P004,20
9,S07,P009,25
9,S07,P021,20
9,S07,P025,5
9,S07,P048,20
9,S08,P040,10
9,S08,P042,25
9,S08,P049,15
9,S09,P009,20
9,S09,P025,5
9,S09,P040,15
9,S09,P042,20
9,S09,P049,20
9,S10,P018,5
9,S10,P021,25
10,S01,P009,5
10,S01,P018,15
10,S01,P029,15
10,S01,P031,5
10,S01,P040,5
10,S02,P004,20
10,S02,P029,10
10,S02,P031,5
10,S02,P040,20
10,S02,P049,20
10,S03,P040,15
10,S04,P019,5
10,S04,P025,5
10,S04,P028,15
10,S04,P031,15
10,S04,P049,15
10,S05,P021,20
10,S05,P029,10
10,S05,P042,5
10,S05,P049,25
10,S06,P025,15
10,S06,P028,25
10,S06,P042,25
10,S07,P018,15
10,S07,P019,10
10,S07,P028,25
10,S07,P029,15
10,S07,P042,10
10,S08,P018,15
10,S08,P042,10
10,S08,P048,20
10,S09,P049,15
10,S10,P004,20
10,S10,P021,20
10,S10,P031,20
10,S10,P048,15
11,S01,P028,20
11,S01,P029,10
11,S01,P040,5
11,S02,P019,20
11,S02,P028,5
11,S02,P042,5
11,S02,P049,5
11,S03,P019,15
11,S03,P021,10
11,S03,P028,20
11,S03,P031,10
11,S03,P048,20
11,S04,P009,15
11,S04,P018,20
11,S04,P031,10
11,S05,P019,10
11,S05,P021,20
11,S05,P029,5
11,S05,P042,25
11,S05,P048,15
11,S06,P021,10
11,S06,P031,15
11,S06,P040,5
11,S07,P028,15
11,S07,P029,25
11,S08,P018,10
11,S08,P029,15
11,S09,P009,10
11,S09,P031,15
11,S09,P042,10
11,S09,P048,10
11,S10,P004,25
11,S10,P031,10
12,S01,P021,15
12,S01,P028,15
12,S01,P040,15
12,S02,P004,15
12,S02,P031,15
12,S02,P040,5
12,S02,P042,20
12,S03,P021,20
12,S03,P025,5
12,S04,P004,10
12,S04,P021,20
12,S04,P031,25
12,S04,P040,25
12,S04,P049,20
12,S05,P009,5
12,S05,P049,25
12,S06,P004,20
12,S06,P019,10
12,S06,P029,10
12,S06,P048,10
12,S07,P025,15
12,S07,P029,10
12,S07,P031,5
12,S08,P009,5
12,S08,P018,10
12,S08,P019,10
12,S08,P025,20
12,S08,P031,5
12,S08,P040,25
12,S09,P040,20
12,S10,P004,20
12,S10,P018,20
12,S10,P019,5
12,S10,P021,10
13,S01,P021,25
13,S01,P028,10
13,S01,P029,15
13,S02,P031,25
13,S02,P040,20
13,S02,P042,15
13,S03,P025,10
13,S03,P028,15
13,S03,P042,5
13,S03,P048,20
13,S04,P042,15
13,S05,P004,5
13,S05,P018,25
13,S05,P025,15
13,S06,P004,20
13,S06,P025,20
13,S06,P029,5
13,S07,P040,10
13,S08,P025,20
13,S08,P040,20
13,S08,P042,10
13,S08,P048,10
13,S08,P049,5
13,S09,P042,25
13,S10,P019,10
13,S10,P025,10
13,S10,P031,15
13,S10,P042,10
13,S10,P048,25
14,S01,P004,5
14,S01,P018,5
14,S01,P019,15
14,S01,P028,15
14,S01,P042,5
14,S02,P004,15
14,S03,P004,10
14,S03,P028,20
14,S03,P031,5
14,S03,P048,25
14,S04,P019,15
14,S04,P021,5
14,S04,P031,5
14,S04,P049,15
14,S05,P009,10
14,S05,P018,10
14,S05,P048,10
14,S05,P049,15
14,S06,P018,15
14,S06,P028,5
14,S06,P042,15
14,S06,P048,20
14,S07,P021,5
14,S07,P028,20
14,S07,P042,15
14,S07,P048,25
14,S08,P025,5
14,S08,P042,25
14,S08,P048,15
14,S08,P049,15
14,S09,P019,15
14,S09,P021,5
14,S09,P025,25
14,S09,P031,5
14,S10,P018,5
14,S10,P019,15
14,S10,P028,15
15,S01,P018,15
15,S01,P049,15
15,S02,P018,5
15,S02,P028,10
15,S02,P031,5
15,S02,P042,20
15,S03,P019,15
15,S03,P021,25
15,S03,P028,20
15,S03,P040,15
15,S03,P049,10
15,S05,P028,20
15,S05,P029,20
15,S05,P042,10
15,S06,P004,5
15,S06,P009,15
15,S07,P019,20
15,S07,P021,10
15,S07,P040,10
15,S07,P048,10
15,S08,P019,20
15,S08,P025,20
15,S08,P028,15
15,S08,P029,10
15,S08,P040,25
15,S09,P004,15
15,S09,P009,25
15,S09,P021,15
15,S10,P019,20
15,S10,P021,20
15,S10,P042,10
16,S01,P018,25
16,S01,P025,5
16,S01,P049,20
16,S02,P009,25
16,S02,P028,10
16,S03,P028,15
16,S03,P031,20
16,S03,P048,15
16,S04,P018,20
16,S04,P029,10
16,S05,P042,10
16,S05,P049,15
16,S06,P040,10
16,S07,P028,15
16,S07,P031,10
16,S07,P040,20
16,S07,P042,5
16,S07,P048,15
16,S08,P031,15
16,S08,P040,25
16,S08,P049,15
16,S09,P004,20
16,S09,P009,20
16,S09,P025,15
16,S09,P029,10
16,S09,P040,20
16,S10,P018,20
16,S10,P040,10
16,S10,P048,15
17,S01,P009,20
17,S01,P025,25
17,S01,P042,25
17,S02,P009,10
17,S02,P031,10
17,S02,P049,5
17,S03,P018,10
17,S03,P025,20
17,S03,P040,10
17,S04,P018,15
17,S04,P048,15
17,S04,P049,20
17,S05,P029,10
17,S05,P048,10
17,S05,P049,10
17,S06,P029,10
17,S06,P049,25
17,S07,P042,10
17,S07,P049,20
17,S08,P004,10
17,S08,P018,20
17,S08,P019,10
17,S09,P018,20
17,S09,P021,10
17,S09,P031,5
17,S09,P042,10
17,S10,P004,10
17,S10,P018,20
17,S10,P021,5
17,S10,P028,15
17,S10,P029,15
17,S10,P048,20
18,S01,P031,15
18,S01,P040,25
18,S01,P048,15
18,S01,P049,15
18,S02,P019,20
18,S02,P025,10
18,S02,P049,25
18,S03,P009,5
18,S03,P031,10
18,S03,P048,10
18,S04,P025,20
18,S05,P009,20
18,S05,P025,20
18,S05,P040,25
18,S05,P048,10
18,S06,P004,15
18,S06,P018,10
18,S06,P019,10
18,S06,P021,10
18,S06,P048,20
18,S06,P049,15
18,S07,P018,20
18,S07,P019,20
18,S07,P021,5
18,S07,P028,15
18,S07,P042,10
18,S07,P048,10
18,S08,P029,20
18,S08,P031,15
18,S08,P040,20
18,S08,P042,15
18,S09,P018,15
18,S09,P021,20
18,S09,P048,5
18,S09,P049,5
18,S10,P009,10
18,S10,P025,10
19,S01,P004,25
19,S01,P021,15
19,S01,P031,15
19,S02,P019,10
19,S02,P025,10
19,S02,P028,10
19,S02,P049,15
19,S03,P004,10
19,S03,P018,15
19,S03,P040,20
19,S03,P048,5
19,S05,P040,15
19,S06,P048,15
19,S07,P018,10
19,S07,P021,10
19,S07,P042,10
19,S08,P029,25
19,S08,P042,15
19,S08,P048,25
19,S08,P049,15
19,S09,P019,10
19,S09,P028,15
19,S09,P048,5
19,S10,P004,20
19,S10,P009,20
19,S10,P021,15
19,S10,P025,15
19,S10,P049,25
20,S01,P009,10
20,S01,P025,20
20,S02,P009,15
20,S02,P018,25
20,S03,P025,20
20,S03,P028,25
20,S03,P040,15
20,S03,P049,10
20,S04,P018,15
20,S04,P029,15
20,S04,P042,20
20,S04,P049,5
20,S05,P009,15
20,S05,P031,10
20,S06,P004,20
20,S06,P019,5
20,S06,P029,15
20,S06,P040,10
20,S07,P004,10
20,S07,P019,25
20,S07,P029,10
20,S07,P031,5
20,S07,P048,5
20,S08,P004,15
20,S08,P025,15
20,S08,P048,10
20,S09,P004,15
20,S09,P009,5
20,S09,P040,20
20,S10,P004,25
20,S10,P021,25
20,S10,P025,10
20,S10,P042,10
21,S01,P028,20
21,S01,P042,5
21,S01,P049,10
21,S02,P004,5
21,S02,P019,10
21,S02,P028,15
21,S02,P042,10
21,S02,P048,5
21,S03,P019,15
21,S03,P025,5
21,S03,P048,25
21,S03,P049,10
21,S04,P019,15
21,S04,P028,10
21,S04,P040,5
21,S04,P042,10
21,S04,P048,15
21,S04,P049,20
21,S05,P009,20
21,S05,P018,5
21,S05,P031,10
21,S06,P019,5
21,S06,P028,10
21,S06,P031,25
21,S06,P040,15
21,S06,P048,20
21,S06,P049,15
21,S07,P004,20
21,S07,P018,10
21,S07,P028,20
21,S07,P031,20
21,S07,P048,5
21,S08,P004,10
21,S08,P009,25
21,S08,P021,20
21,S08,P025,10
21,S08,P028,15
21,S08,P040,10
21,S08,P042,15
21,S09,P018,10
21,S09,P028,10
21,S10,P018,15
21,S10,P040,20
21,S10,P042,20
21,S10,P048,5
22,S01,P009,10
22,S01,P018,10
22,S01,P025,20
22,S01,P031,10
22,S01,P048,10
22,S01,P049,5
22,S02,P018,10
22,S02,P028,20
22,S03,P019,25
22,S03,P025,20
22,S03,P040,20
22,S03,P049,20
22,S04,P028,20
22,S04,P029,5
22,S04,P042,25
22,S04,P048,10
22,S05,P009,25
22,S05,P019,5
22,S05,P040,15
22,S06,P019,25
22,S07,P028,20
22,S07,P040,10
22,S08,P018,15
22,S08,P021,10
22,S08,P025,10
22,S09,P004,10
22,S09,P009,10
22,S09,P019,15
22,S09,P028,20
22,S09,P031,25
22,S09,P049,5
22,S10,P029,10
22,S10,P031,10
22,S10,P042,5
23,S01,P042,10
23,S02,P009,15
23,S02,P028,15
23,S02,P048,15
23,S03,P004,10
23,S03,P049,15
23,S04,P040,20
23,S05,P004,10
23,S05,P009,5
23,S05,P029,5
23,S06,P028,5
23,S07,P009,10
23,S07,P025,10
23,S08,P009,20
23,S08,P019,5
23,S08,P028,15
23,S08,P042,5
23,S08,P049,5
23,S09,P004,20
23,S09,P019,5
23,S09,P021,15
23,S09,P029,15
23,S09,P042,10
23,S09,P049,10
23,S10,P004,20
23,S10,P018,10
23,S10,P019,10
24,S01,P004,10
24,S02,P004,20
24,S02,P028,25
24,S03,P018,20
24,S03,P028,20
24,S04,P021,25
24,S04,P025,15
24,S04,P031,20
24,S04,P040,25
24,S04,P049,5
24,S05,P025,20
24,S05,P028,25
24,S05,P029,20
24,S05,P031,20
24,S05,P040,25
24,S05,P048,15
24,S06,P018,5
24,S06,P019,5
24,S07,P009,15
24,S07,P029,10
24,S07,P031,10
24,S07,P040,10
24,S08,P009,25
24,S08,P018,10
24,S08,P031,20
24,S09,P004,20
24,S09,P009,15
24,S09,P025,10
24,S09,P029,20
24,S09,P031,15
24,S09,P040,10
24,S10,P004,5
24,S10,P009,10
24,S10,P018,5
24,S10,P021,10
24,S10,P029,15
24,S10,P031,25
24,S10,P040,15
25,S01,P004,25
25,S01,P009,20
25,S01,P029,15
25,S02,P004,10
25,S02,P018,10
25,S02,P031,20
25,S02,P042,20
25,S03,P004,10
25,S03,P009,5
25,S03,P025,20
25,S03,P031,10
25,S04,P018,5
25,S04,P029,15
25,S04,P031,15
25,S05,P018,25
25,S05,P028,15
25,S05,P040,15
25,S05,P049,10
25,S06,P004,10
25,S06,P019,20
25,S06,P021,10
25,S06,P029,5
25,S06,P031,5
25,S07,P021,10
25,S08,P019,10
25,S08,P021,15
25,S08,P031,10
25,S08,P042,5
25,S08,P049,15
25,S09,P004,20
25,S09,P009,5
25,S09,P028,15
25,S10,P018,20
25,S10,P031,5
25,S10,P040,25
26,S01,P018,15
26,S01,P025,20
26,S01,P029,10
26,S01,P040,20
26,S02,P009,20
26,S02,P028,10
26,S02,P029,10
26,S03,P025,15
26,S03,P042,5
26,S04,P004,20
26,S04,P025,5
26,S04,P031,10
26,S04,P048,15
26,S05,P021,5
26,S05,P028,25
26,S05,P031,20
26,S05,P048,15
26,S06,P004,20
26,S06,P019,20
26,S06,P025,10
26,S06,P028,20
26,S06,P042,10
26,S07,P004,10
26,S07,P021,15
26,S07,P028,15
26,S08,P009,5
26,S08,P042,10
26,S09,P018,15
26,S09,P031,10
26,S09,P040,20
26,S09,P042,15
26,S10,P028,10
27,S01,P019,5
27,S01,P025,15
27,S01,P048,10
27,S01,P049,5
27,S02,P018,10
27,S02,P019,10
27,S02,P031,5
27,S02,P042,15
27,S03,P031,20
27,S04,P031,20
27,S04,P042,5
27,S05,P019,10
27,S05,P025,15
27,S05,P029,15
27,S05,P048,15
27,S06,P018,15
27,S06,P025,15
27,S06,P040,5
27,S06,P042,15
27,S06,P048,15
27,S07,P019,25
27,S07,P021,15
27,S07,P028,15
27,S07,P040,15
27,S08,P009,20
27,S08,P025,25
27,S09,P004,20
27,S09,P029,15
27,S09,P031,5
27,S10,P018,15
28,S01,P009,15
28,S01,P019,20
28,S01,P028,5
28,S02,P018,15
28,S02,P028,10
28,S03,P019,20
28,S03,P040,10
28,S04,P004,10
28,S04,P019,15
28,S05,P009,5
28,S05,P029,15
28,S06,P021,25
28,S06,P029,25
28,S06,P031,10
28,S07,P009,20
28,S07,P018,10
28,S07,P019,20
28,S07,P021,20
28,S07,P025,5
28,S08,P009,10
28,S08,P031,10
28,S08,P042,20
28,S08,P049,10
28,S09,P009,15
28,S09,P019,15
28,S09,P021,25
28,S09,P028,25
28,S09,P029,10
28,S09,P031,15
28,S09,P048,20
28,S09,P049,20
29,S01,P009,5
29,S01,P028,10
29,S01,P029,10
29,S01,P048,10
29,S02,P028,5
29,S03,P019,15
29,S03,P028,15
29,S03,P029,15
29,S03,P048,15
29,S03,P049,5
29,S04,P009,20
29,S04,P018,25
29,S04,P019,15
29,S04,P021,20
29,S04,P025,5
29,S04,P029,20
29,S05,P025,5
29,S05,P040,10
29,S05,P049,10
29,S06,P049,10
29,S07,P019,15
29,S07,P029,10
29,S07,P040,20
29,S07,P042,15
29,S07,P049,10
29,S08,P004,10
29,S08,P018,20
29,S08,P021,10
29,S08,P029,15
29,S08,P042,15
29,S08,P049,10
29,S09,P004,10
29,S09,P009,10
29,S09,P042,10
29,S10,P028,10
29,S10,P049,5
30,S02,P019,10
30,S02,P025,25
30,S02,P028,15
30,S02,P042,20
30,S03,P019,5
30,S03,P029,5
30,S03,P042,20
30,S04,P018,15
30,S04,P042,10
30,S05,P021,15
30,S05,P028,20
30,S05,P031,5
30,S05,P040,15
30,S06,P009,25
30,S06,P031,20
30,S06,P040,10
30,S06,P049,15
30,S07,P021,20
30,S07,P028,15
30,S07,P031,20
30,S07,P049,20
30,S08,P004,5
30,S08,P009,5
30,S08,P025,20
30,S08,P028,10
30,S08,P029,5
30,S08,P049,10
30,S09,P004,20
30,S09,P021,5
30,S09,P025,15
30,S09,P028,5
30,S09,P029,5
30,S09,P031,10
30,S09,P042,5
30,S09,P048,20
30,S10,P021,20
30,S10,P029,10
31,S01,P021,15
31,S01,P042,10
31,S01,P048,15
31,S02,P019,5
31,S02,P040,10
31,S02,P042,25
31,S03,P019,10
31,S03,P021,25
31,S03,P025,25
31,S03,P028,15
31,S03,P031,10
31,S03,P040,20
31,S04,P021,10
31,S04,P031,20
31,S04,P049,10
31,S05,P019,10
31,S05,P025,15
31,S05,P028,20
31,S05,P031,5
31,S05,P048,10
31,S06,P025,10
31,S07,P019,15
31,S07,P021,15
31,S07,P029,5
31,S07,P031,5
31,S07,P040,10
31,S08,P019,10
31,S08,P021,5
31,S08,P042,10
31,S08,P048,5
31,S09,P028,20
31,S09,P029,15
31,S09,P040,5
31,S10,P004,20
31,S10,P009,25
31,S10,P019,10
31,S10,P021,15
31,S10,P025,20
31,S10,P028,15
31,S10,P029,10
31,S10,P048,10
32,S01,P009,15
32,S01,P019,10
32,S01,P029,25
32,S01,P040,20
32,S01,P049,10
32,S02,P019,15
32,S02,P042,15
32,S03,P018,5
32,S03,P025,10
32,S03,P031,20
32,S03,P040,15
32,S03,P049,10
32,S04,P028,5
32,S04,P040,15
32,S04,P048,15
32,S05,P019,15
32,S05,P029,5
32,S05,P031,5
32,S05,P048,15
32,S06,P009,5
32,S06,P029,20
32,S06,P048,5
32,S07,P021,15
32,S07,P048,10
32,S08,P009,10
32,S08,P018,20
32,S08,P019,15
32,S08,P028,15
32,S08,P029,15
32,S08,P042,15
32,S09,P019,20
32,S09,P021,15
32,S09,P040,15
32,S10,P025,20
33,S01,P049,15
33,S02,P021,5
33,S02,P031,10
33,S03,P018,10
33,S03,P019,20
33,S03,P025,15
33,S03,P029,20
33,S03,P031,5
33,S03,P040,10
33,S04,P042,20
33,S04,P049,10
33,S05,P019,5
33,S05,P021,10
33,S05,P025,15
33,S05,P049,10
33,S06,P029,15
33,S06,P042,10
33,S07,P031,5
33,S09,P028,15
33,S09,P029,20
33,S09,P031,20
33,S09,P049,15
33,S10,P021,10
33,S10,P028,5
33,S10,P048,10
34,S01,P009,20
34,S01,P028,20
34,S01,P049,25
34,S02,P025,15
34,S02,P028,15
34,S02,P042,15
34,S03,P021,20
34,S03,P025,10
34,S03,P028,5
34,S03,P029,10
34,S03,P031,5
34,S04,P009,10
34,S04,P028,5
34,S04,P031,10
34,S04,P048,15
34,S04,P049,20
34,S05,P004,20
34,S05,P009,10
34,S05,P021,5
34,S05,P029,10
34,S05,P031,25
34,S05,P042,15
34,S05,P049,10
34,S06,P025,20
34,S06,P042,10
34,S07,P018,20
34,S07,P031,10
34,S08,P009,10
34,S08,P018,15
34,S08,P048,20
34,S09,P018,20
34,S09,P025,15
34,S09,P040,10
34,S09,P042,10
34,S10,P004,25
34,S10,P009,15
34,S10,P019,20
34,S10,P040,10
35,S01,P018,15
35,S01,P028,10
35,S01,P029,15
35,S01,P031,20
35,S02,P004,15
35,S02,P029,15
35,S02,P040,10
35,S02,P048,5
35,S03,P042,10
35,S03,P048,20
35,S03,P049,15
35,S04,P028,20
35,S04,P029,25
35,S05,P019,15
35,S05,P021,20
35,S05,P025,5
35,S05,P031,15
35,S05,P042,20
35,S06,P018,10
35,S06,P021,20
35,S06,P025,20
35,S06,P028,20
35,S06,P048,10
35,S07,P019,15
35,S07,P021,10
35,S07,P028,20
35,S07,P029,10
35,S08,P019,10
35,S08,P021,5
35,S08,P029,5
35,S09,P018,5
35,S09,P019,15
35,S09,P031,20
35,S09,P040,5
35,S10,P018,5
35,S10,P028,10
35,S10,P040,20
35,S10,P049,5
36,S01,P025,10
36,S01,P028,10
36,S01,P029,10
36,S01,P042,10
36,S02,P042,15
36,S03,P004,15
36,S03,P018,5
36,S03,P025,10
36,S03,P031,25
36,S03,P042,10
36,S04,P004,15
36,S04,P018,20
36,S04,P019,10
36,S06,P009,20
36,S06,P018,15
36,S06,P028,15
36,S07,P004,5
36,S07,P040,15
36,S08,P021,10
36,S08,P028,15
36,S08,P029,10
36,S08,P048,15
36,S09,P009,15
36,S09,P021,5
36,S09,P031,15
36,S09,P049,10
36,S10,P018,10
36,S10,P025,5
36,S10,P031,10
36,S10,P048,10
37,S02,P019,10
37,S02,P029,5
37,S02,P042,5
37,S03,P021,5
37,S03,P025,15
37,S03,P028,10
37,S03,P029,15
37,S03,P042,10
37,S03,P048,20
37,S04,P004,10
37,S04,P018,10
37,S04,P031,15
37,S05,P021,10
37,S05,P031,15
37,S05,P040,10
37,S05,P049,15
37,S06,P019,25
37,S06,P042,15
37,S06,P048,20
37,S07,P004,5
37,S07,P009,15
37,S07,P019,20
37,S07,P029,10
37,S07,P031,25
37,S07,P040,5
37,S07,P042,20
37,S07,P048,10
37,S08,P025,5
37,S08,P031,20
37,S08,P048,10
37,S09,P025,5
37,S09,P048,15
37,S10,P004,25
37,S10,P019,5
37,S10,P031,10
38,S01,P018,5
38,S01,P040,10
38,S02,P019,10
38,S02,P028,15
38,S02,P029,20
38,S03,P029,20
38,S04,P021,5
38,S04,P031,5
38,S04,P049,10
38,S05,P018,20
38,S05,P021,15
38,S05,P049,10
38,S06,P009,10
38,S06,P018,25
38,S06,P040,10
38,S07,P019,20
38,S07,P021,15
38,S07,P025,5
38,S07,P028,10
38,S07,P031,25
38,S07,P048,10
38,S08,P009,20
38,S08,P019,10
38,S08,P021,15
38,S08,P029,20
38,S08,P031,25
38,S08,P048,15
38,S09,P009,15
38,S09,P029,5
38,S09,P031,10
38,S10,P021,10
38,S10,P040,5
39,S01,P009,10
39,S01,P029,10
39,S01,P040,25
39,S01,P048,15
39,S01,P049,10
39,S02,P048,25
39,S03,P004,5
39,S03,P018,10
39,S03,P021,15
39,S04,P021,5
39,S05,P004,5
39,S05,P009,5
39,S05,P021,5
39,S05,P031,15
39,S05,P040,15
39,S05,P042,15
39,S06,P009,10
39,S06,P029,15
39,S06,P042,10
39,S06,P048,5
39,S06,P049,15
39,S07,P009,5
39,S07,P018,10
39,S07,P025,20
39,S07,P049,15
39,S08,P025,15
39,S08,P028,10
39,S08,P029,10
39,S08,P040,15
39,S08,P048,20
39,S09,P028,25
39,S09,P029,25
39,S09,P031,10
39,S09,P042,20
39,S09,P048,15
39,S10,P031,5
39,S10,P048,15
40,S01,P004,20
40,S01,P021,20
40,S01,P025,20
40,S01,P028,5
40,S01,P029,10
40,S02,P018,10
40,S02,P031,10
40,S02,P040,15
40,S03,P021,15
40,S03,P025,10
40,S03,P031,10
40,S03,P040,5
40,S04,P009,20
40,S04,P019,5
40,S04,P049,5
40,S05,P029,20
40,S05,P031,25
40,S06,P025,15
40,S06,P028,5
40,S06,P040,10
40,S06,P042,25
40,S07,P004,20
40,S07,P009,15
40,S07,P021,10
40,S07,P049,5
40,S08,P019,5
40,S08,P025,15
40,S08,P029,5
40,S08,P048,25
40,S09,P018,10
40,S09,P019,15
40,S09,P028,5
40,S10,P018,5
40,S10,P019,20
40,S10,P021,15
40,S10,P031,5
41,S01,P018,20
41,S01,P028,15
41,S01,P031,25
41,S01,P049,25
41,S02,P018,25
41,S03,P019,25
41,S03,P040,10
41,S04,P031,20
41,S04,P048,10
41,S05,P021,20
41,S05,P029,10
41,S05,P040,10
41,S06,P042,10
41,S07,P018,15
41,S08,P009,5
41,S08,P018,10
41,S08,P019,15
41,S08,P042,15
41,S08,P049,20
41,S09,P009,10
41,S09,P018,15
41,S09,P019,20
41,S09,P025,10
41,S09,P029,15
41,S09,P031,5
41,S10,P021,10
41,S10,P040,20
41,S10,P048,25
42,S01,P004,15
42,S01,P009,15
42,S01,P021,20
42,S01,P028,25
42,S01,P029,15
42,S01,P031,15
42,S02,P019,5
42,S02,P048,10
42,S03,P004,20
42,S03,P009,20
42,S03,P028,20
42,S03,P031,5
42,S03,P048,15
42,S04,P019,5
42,S04,P021,10
42,S04,P025,20
42,S04,P028,15
42,S05,P019,20
42,S05,P025,5
42,S05,P031,10
42,S06,P004,15
42,S06,P019,5
42,S06,P028,10
42,S06,P031,5
42,S06,P048,15
42,S07,P004,25
42,S07,P040,25
42,S08,P018,20
42,S08,P019,20
42,S08,P021,15
42,S08,P025,15
42,S09,P018,10
42,S09,P019,20
42,S10,P009,5
42,S10,P049,25
43,S01,P004,5
43,S01,P048,25
43,S01,P049,15
43,S02,P029,10
43,S02,P031,15
43,S03,P021,20
43,S04,P004,10
43,S04,P025,20
43,S04,P031,20
43,S04,P040,10
43,S04,P049,10
43,S05,P004,10
43,S05,P009,5
43,S05,P028,15
43,S05,P040,10
43,S05,P048,20
43,S05,P049,10
43,S06,P018,10
43,S06,P042,15
43,S07,P018,15
43,S07,P021,10
43,S07,P028,20
43,S07,P029,10
43,S07,P048,5
43,S08,P042,10
43,S09,P049,20
43,S10,P018,5
43,S10,P021,15
43,S10,P048,15
43,S10,P049,25
44,S01,P018,10
44,S01,P049,10
44,S02,P009,10
44,S02,P040,20
44,S03,P009,15
44,S03,P042,20
44,S04,P009,25
44,S04,P025,10
44,S04,P028,25
44,S04,P029,10
44,S04,P040,15
44,S05,P021,15
44,S05,P025,20
44,S05,P031,10
44,S05,P048,20
44,S06,P004,25
44,S06,P049,20
44,S07,P004,20
44,S07,P018,5
44,S07,P048,25
44,S08,P019,15
44,S08,P048,10
44,S09,P025,5
44,S10,P004,15
44,S10,P025,10
44,S10,P029,5
44,S10,P031,15
44,S10,P042,15
45,S01,P025,10
45,S01,P040,15
45,S02,P021,10
45,S02,P048,25
45,S03,P021,5
45,S03,P028,5
45,S03,P048,10
45,S04,P004,15
45,S04,P009,10
45,S04,P019,10
45,S04,P021,15
45,S04,P029,5
45,S05,P018,25
45,S05,P028,10
45,S06,P018,5
45,S06,P031,10
45,S06,P040,25
45,S07,P009,5
45,S07,P018,15
45,S07,P021,20
45,S07,P025,15
45,S07,P049,10
45,S08,P009,25
45,S08,P018,20
45,S08,P019,10
45,S09,P018,15
45,S10,P004,25
45,S10,P018,25
45,S10,P021,10
45,S10,P028,20
45,S10,P029,10
45,S10,P042,10
46,S01,P004,5
46,S01,P031,15
46,S01,P042,15
46,S02,P028,10
46,S02,P040,10
46,S02,P042,25
46,S02,P048,20
46,S03,P018,10
46,S03,P019,25
46,S03,P029,10
46,S03,P049,15
46,S04,P021,25
46,S04,P031,10
46,S04,P040,15
46,S04,P042,10
46,S04,P048,10
46,S05,P004,15
46,S05,P018,25
46,S05,P049,10
46,S06,P009,25
46,S06,P049,25
46,S07,P031,10
46,S07,P040,15
46,S07,P042,15
46,S07,P048,5
46,S07,P049,25
46,S08,P004,20
46,S08,P018,10
46,S08,P040,15
46,S09,P018,5
46,S09,P019,15
46,S09,P028,25
46,S09,P031,20
46,S09,P049,10
46,S10,P018,15
46,S10,P019,15
46,S10,P028,10
46,S10,P040,5
46,S10,P048,15
46,S10,P049,15
47,S01,P004,5
47,S01,P019,5
47,S01,P028,10
47,S02,P029,10
47,S02,P042,10
47,S02,P048,20
47,S03,P009,15
47,S03,P031,25
47,S04,P004,15
47,S04,P025,15
47,S04,P028,10
47,S04,P040,15
47,S05,P004,15
47,S05,P025,5
47,S05,P028,10
47,S05,P040,25
47,S06,P004,10
47,S06,P018,10
47,S06,P019,10
47,S06,P025,20
47,S06,P029,20
47,S07,P018,20
47,S07,P029,5
47,S07,P048,10
47,S07,P049,15
47,S08,P018,15
47,S08,P019,25
47,S08,P040,10
47,S09,P025,15
47,S09,P031,15
47,S09,P040,5
47,S10,P019,15
47,S10,P025,25
47,S10,P042,10
48,S01,P018,25
48,S01,P019,15
48,S01,P021,10
48,S01,P028,10
48,S01,P029,5
48,S01,P040,10
48,S01,P042,5
48,S01,P049,10
48,S02,P018,25
48,S02,P031,15
48,S03,P004,20
48,S03,P031,10
48,S03,P040,20
48,S04,P004,10
48,S04,P021,10
48,S04,P025,15
48,S04,P040,15
48,S04,P048,20
48,S05,P029,10
48,S05,P040,10
48,S05,P042,20
48,S06,P028,15
48,S06,P029,10
48,S06,P042,5
48,S07,P031,20
48,S07,P040,25
48,S08,P009,15
48,S08,P018,20
48,S08,P021,15
48,S09,P009,10
48,S09,P021,5
48,S09,P025,15
48,S09,P028,15
48,S09,P040,20
48,S10,P009,15
48,S10,P029,25
48,S10,P042,15
48,S10,P048,10
49,S01,P009,10
49,S01,P025,10
49,S01,P029,20
49,S01,P049,5
49,S02,P009,25
49,S02,P019,25
49,S02,P029,15
49,S02,P040,10
49,S03,P009,10
49,S03,P019,10
49,S04,P004,5
49,S04,P018,10
49,S04,P021,5
49,S04,P029,15
49,S04,P042,10
49,S04,P049,10
49,S05,P004,15
49,S05,P031,25
49,S05,P049,15
49,S06,P009,15
49,S06,P029,20
49,S07,P018,20
49,S07,P019,10
49,S07,P048,20
49,S08,P004,10
49,S08,P021,25
49,S08,P025,10
49,S08,P048,25
49,S08,P049,25
49,S09,P004,5
49,S09,P018,25
49,S09,P019,5
49,S09,P031,10
49,S09,P042,10
49,S10,P021,25
49,S10,P028,15
49,S10,P040,15
49,S10,P048,15
50,S01,P004,25
50,S01,P025,20
50,S01,P029,10
50,S01,P048,10
50,S01,P049,5
50,S02,P004,15
50,S02,P018,10
50,S02,P021,10
50,S02,P025,20
50,S02,P029,10
50,S02,P042,15
50,S03,P004,10
50,S03,P009,5
50,S03,P019,10
50,S03,P028,10
50,S03,P049,20
50,S04,P040,10
50,S04,P048,10
50,S04,P049,20
50,S05,P021,20
50,S05,P028,20
50,S05,P029,25
50,S05,P042,20
50,S06,P004,10
50,S06,P009,20
50,S06,P040,10
50,S06,P049,10
50,S07,P009,10
50,S07,P018,5
50,S07,P028,10
50,S07,P031,5
50,S08,P029,20
50,S08,P031,25
50,S09,P019,15
50,S09,P031,20
50,S09,P040,10
50,S09,P048,20
50,S09,P049,15
50,S10,P019,5
50,S10,P048,5
50,S10,P049,10
51,S01,P004,5
51,S01,P009,10
51,S01,P018,5
51,S01,P021,10
51,S01,P029,10
51,S01,P040,25
51,S01,P049,10
51,S02,P018,10
51,S02,P025,15
51,S02,P029,20
51,S02,P040,10
51,S02,P049,20
51,S03,P009,10
51,S03,P019,10
51,S03,P029,10
51,S04,P018,15
51,S04,P025,10
51,S04,P040,15
51,S04,P042,10
51,S04,P049,15
51,S05,P018,10
51,S05,P025,10
51,S05,P029,15
51,S06,P004,15
51,S07,P004,10
51,S07,P018,20
51,S07,P019,15
51,S07,P040,10
51,S08,P019,25
51,S08,P049,15
51,S09,P009,5
51,S09,P018,15
51,S09,P025,5
51,S09,P029,10
51,S09,P042,15
51,S09,P048,10
51,S10,P009,20
51,S10,P019,10
51,S10,P028,10
52,S01,P040,20
52,S02,P004,15
52,S03,P004,10
52,S03,P009,10
52,S03,P025,15
52,S04,P004,10
52,S04,P018,15
52,S04,P021,5
52,S04,P028,10
52,S04,P029,10
52,S04,P040,15
52,S04,P049,15
52,S05,P019,20
52,S05,P028,10
52,S05,P029,25
52,S05,P049,10
52,S07,P004,10
52,S07,P029,20
52,S07,P031,10
52,S08,P004,20
52,S08,P019,20
52,S09,P004,5
52,S09,P021,20
52,S09,P028,20
52,S09,P042,15
52,S10,P018,20
52,S10,P029,25
1,S01,P003,15
1,S01,P026,15
1,S02,P039,10
1,S04,P026,10
1,S05,P036,15
1,S05,P039,15
1,S06,P026,10
1,S06,P046,25
1,S07,P010,15
1,S09,P046,5
1,S10,P026,10
2,S01,P036,10
2,S02,P046,10
2,S03,P003,25
2,S03,P026,20
2,S04,P036,10
2,S04,P046,10
2,S05,P003,20
2,S05,P036,10
2,S06,P003,15
2,S06,P046,15
2,S07,P003,15
2,S07,P010,15
2,S07,P036,15
2,S08,P010,10
2,S09,P039,20
2,S09,P046,5
3,S02,P003,10
3,S02,P039,5
3,S03,P003,15
3,S03,P036,5
3,S03,P039,20
3,S04,P003,15
3,S05,P046,5
3,S06,P036,15
3,S07,P046,15
3,S08,P010,5
3,S08,P046,20
3,S09,P036,20
3,S10,P039,10
4,S01,P010,10
4,S01,P039,10
4,S02,P010,10
4,S02,P026,5
4,S03,P039,20
4,S03,P046,5
4,S04,P026,25
4,S04,P036,10
4,S04,P046,15
4,S05,P010,5
4,S05,P026,20
4,S06,P046,20
4,S07,P036,25
4,S08,P003,15
4,S08,P010,10
4,S09,P003,15
4,S10,P010,25
5,S01,P003,10
5,S01,P026,15
5,S01,P039,25
5,S01,P046,5
5,S02,P003,20
5,S02,P026,10
5,S02,P039,20
5,S02,P046,10
5,S03,P026,10
5,S03,P036,5
5,S04,P010,25
5,S05,P039,20
5,S06,P010,5
5,S07,P010,25
5,S07,P039,15
5,S08,P026,20
5,S08,P036,5
5,S09,P046,10
6,S01,P010,5
6,S01,P036,15
6,S03,P003,10
6,S03,P010,10
6,S03,P039,10
6,S03,P046,25
6,S04,P003,10
6,S04,P026,10
6,S04,P036,15
6,S05,P026,15
6,S06,P026,15
6,S06,P039,20
6,S09,P039,5
6,S10,P010,10
7,S01,P026,20
7,S02,P010,20
7,S02,P039,15
7,S03,P036,5
7,S05,P026,20
7,S06,P039,5
7,S07,P026,10
7,S07,P036,10
7,S07,P046,10
7,S08,P003,10
8,S02,P003,15
8,S02,P026,10
8,S03,P046,15
8,S04,P003,10
8,S05,P026,15
8,S05,P036,15
8,S05,P046,15
8,S06,P026,20
8,S07,P039,10
8,S09,P039,15
8,S10,P003,15
8,S10,P010,10
9,S02,P003,10
9,S02,P010,15
9,S02,P046,5
9,S03,P039,10
9,S04,P003,15
9,S04,P026,25
9,S05,P010,20
9,S07,P003,10
9,S07,P039,5
9,S08,P003,10
9,S08,P010,20
9,S08,P039,5
9,S09,P039,10
9,S10,P003,25
9,S10,P010,20
9,S10,P036,20
10,S01,P010,20
10,S02,P003,20
10,S02,P010,5
10,S02,P036,15
10,S04,P039,10
10,S05,P003,10
10,S05,P010,20
10,S05,P036,10
10,S06,P003,5
10,S06,P010,10
10,S07,P026,10
10,S10,P003,20
10,S10,P010,15
10,S10,P039,15
11,S01,P010,15
11,S01,P039,15
11,S02,P010,20
11,S02,P036,15
11,S02,P039,25
11,S02,P046,25
11,S03,P003,25
11,S03,P010,15
11,S03,P039,25
11,S03,P046,10
11,S04,P036,20
11,S05,P003,20
11,S05,P036,20
11,S07,P003,20
11,S08,P003,10
11,S09,P026,5
11,S10,P010,20
11,S10,P036,10
12,S01,P003,10
12,S01,P010,15
12,S01,P036,25
12,S02,P036,20
12,S03,P026,15
12,S03,P036,20
12,S04,P039,10
12,S05,P003,10
12,S06,P046,25
12,S07,P003,15
12,S07,P010,15
12,S08,P010,10
12,S08,P046,15
12,S09,P036,5
12,S10,P039,10
12,S10,P046,10
13,S01,P039,15
13,S01,P046,15
13,S03,P026,25
13,S04,P003,15
13,S04,P010,20
13,S05,P036,15
13,S05,P039,15
13,S06,P003,5
13,S06,P036,5
13,S07,P003,15
13,S09,P003,20
14,S02,P003,20
14,S02,P036,25
14,S03,P010,5
14,S03,P026,10
14,S03,P039,15
14,S04,P003,10
14,S04,P039,10
14,S05,P010,20
14,S06,P003,20
14,S07,P003,15
14,S07,P036,15
14,S07,P039,10
14,S07,P046,15
14,S08,P046,20
14,S09,P003,20
14,S10,P046,15
15,S03,P010,25
15,S04,P039,10
15,S05,P003,5
15,S05,P039,20
15,S07,P039,25
15,S08,P026,15
15,S09,P003,5
15,S10,P003,20
15,S10,P039,5
16,S01,P003,15
16,S01,P026,10
16,S02,P039,10
16,S02,P046,20
16,S03,P036,10
16,S04,P039,10
16,S05,P010,25
16,S05,P026,10
16,S05,P036,15
16,S05,P046,10
16,S06,P046,20
16,S07,P039,5
16,S08,P003,10
16,S08,P010,15
16,S09,P039,10
16,S10,P039,5
16,S10,P046,15
17,S01,P003,15
17,S03,P039,5
17,S04,P010,15
17,S06,P003,25
17,S07,P003,5
17,S07,P036,15
17,S08,P026,15
17,S09,P026,5
17,S09,P046,5
17,S10,P026,10
17,S10,P036,20
18,S01,P039,5
18,S02,P003,20
18,S02,P036,15
18,S03,P010,10
18,S03,P046,15
18,S04,P036,25
18,S05,P026,15
18,S05,P039,15
18,S06,P003,5
18,S06,P010,5
18,S06,P046,10
18,S07,P003,5
18,S07,P046,20
18,S08,P010,25
18,S08,P046,5
18,S09,P003,10
18,S09,P036,5
18,S09,P039,5
18,S10,P026,10
18,S10,P039,10
19,S01,P003,25
19,S01,P010,10
19,S01,P026,15
19,S02,P046,10
19,S03,P010,5
19,S04,P003,20
19,S05,P039,25
19,S05,P046,5
19,S06,P003,15
19,S07,P010,5
19,S07,P036,10
19,S07,P046,20
19,S09,P010,5
19,S10,P010,15
19,S10,P026,5
19,S10,P046,10
20,S01,P003,5
20,S01,P026,20
20,S01,P039,10
20,S04,P026,15
20,S04,P039,10
20,S04,P046,10
20,S05,P046,5
20,S06,P003,20
20,S06,P039,15
20,S06,P046,10
20,S07,P026,15
20,S08,P010,10
20,S09,P010,5
20,S09,P026,10
20,S10,P036,15
21,S01,P046,25
21,S03,P003,5
21,S03,P010,10
21,S03,P026,5
21,S03,P036,10
21,S05,P003,10
21,S05,P039,25
21,S05,P046,5
21,S07,P036,20
21,S07,P039,10
21,S08,P003,20
22,S01,P026,15
22,S01,P039,5
22,S02,P036,25
22,S03,P003,5
22,S04,P003,20
22,S04,P046,5
22,S05,P010,15
22,S07,P026,20
22,S08,P010,25
22,S08,P026,15
22,S09,P010,10
22,S09,P046,15
22,S10,P003,15
22,S10,P010,15
22,S10,P036,20
23,S03,P003,5
23,S04,P003,25
23,S04,P036,10
23,S07,P046,25
23,S08,P003,25
23,S08,P036,20
23,S09,P039,20
23,S10,P003,20
24,S01,P003,20
24,S01,P010,15
24,S01,P036,5
24,S01,P039,5
24,S04,P036,5
24,S05,P036,5
24,S06,P010,5
24,S06,P036,25
24,S07,P010,10
24,S07,P026,20
24,S08,P010,15
24,S08,P046,5
24,S10,P003,20
24,S10,P026,10
24,S10,P036,15
25,S03,P010,15
25,S03,P026,20
25,S04,P010,5
25,S04,P026,25
25,S04,P046,5
25,S05,P003,15
25,S06,P026,25
25,S06,P039,10
25,S07,P039,5
25,S08,P026,15
25,S08,P036,5
25,S08,P039,15
25,S08,P046,20
25,S09,P010,15
25,S09,P026,10
25,S10,P010,15
25,S10,P026,25
25,S10,P036,15
25,S10,P046,15
26,S01,P010,10
26,S03,P010,10
26,S03,P039,10
26,S03,P046,15
26,S05,P003,10
26,S05,P010,15
26,S05,P039,15
26,S08,P010,20
26,S09,P003,5
26,S09,P010,20
26,S10,P046,15
27,S02,P046,5
27,S03,P036,5
27,S04,P010,15
27,S05,P003,10
27,S06,P039,5
27,S06,P046,5
27,S07,P003,25
27,S07,P039,15
27,S08,P036,15
27,S08,P039,25
27,S10,P003,15
27,S10,P036,15
28,S01,P036,10
28,S01,P039,15
28,S02,P039,10
28,S05,P010,5
28,S05,P039,10
28,S05,P046,20
28,S06,P003,10
28,S06,P010,20
28,S06,P036,15
28,S07,P039,15
28,S08,P010,10
28,S10,P026,25
29,S01,P036,15
29,S01,P039,15
29,S02,P039,10
29,S02,P046,10
29,S03,P026,10
29,S03,P036,20
29,S03,P046,20
29,S04,P010,25
29,S04,P039,10
29,S06,P036,10
29,S06,P039,5
29,S07,P036,25
29,S07,P039,10
29,S08,P010,10
29,S09,P026,20
30,S01,P010,15
30,S01,P036,15
30,S01,P039,5
30,S02,P003,15
30,S02,P036,25
30,S02,P046,15
30,S03,P036,10
30,S05,P010,10
30,S05,P039,15
30,S05,P046,5
30,S07,P036,15
30,S08,P003,15
30,S08,P039,5
30,S09,P046,20
30,S10,P003,15
30,S10,P046,10
31,S02,P010,25
31,S02,P026,5
31,S02,P036,15
31,S04,P036,15
31,S05,P036,15
31,S05,P039,5
31,S06,P003,15
31,S06,P046,15
31,S07,P039,20
31,S08,P036,5
31,S09,P026,15
31,S09,P036,5
31,S10,P036,15
32,S01,P039,5
32,S02,P039,10
32,S03,P039,20
32,S04,P026,20
32,S04,P036,15
32,S04,P039,20
32,S05,P010,15
32,S05,P046,15
32,S06,P003,25
32,S06,P010,15
32,S06,P039,15
32,S07,P003,10
32,S07,P010,20
32,S08,P010,10
32,S08,P039,5
32,S09,P010,10
32,S09,P036,5
32,S10,P010,10
32,S10,P039,20
33,S01,P026,15
33,S01,P039,5
33,S02,P026,20
33,S03,P036,15
33,S04,P010,15
33,S04,P036,10
33,S05,P003,20
33,S06,P003,10
33,S06,P010,5
33,S06,P036,10
33,S06,P046,15
33,S07,P026,15
33,S08,P046,10
34,S03,P003,15
34,S04,P039,20
34,S06,P026,10
34,S07,P003,15
34,S07,P036,5
34,S09,P026,15
34,S09,P039,10
34,S09,P046,10
34,S10,P003,20
34,S10,P010,20
34,S10,P046,5
35,S01,P039,5
35,S03,P003,10
35,S03,P046,15
35,S04,P046,20
35,S05,P036,15
35,S05,P039,15
35,S06,P026,20
35,S06,P039,15
35,S07,P026,15
35,S07,P039,15
35,S07,P046,20
35,S09,P036,10
35,S09,P039,10
35,S10,P003,5
35,S10,P046,20
36,S01,P046,10
36,S02,P026,25
36,S03,P046,25
36,S04,P036,25
36,S06,P036,5
36,S06,P046,20
36,S09,P036,10
36,S10,P026,5
36,S10,P039,10
37,S02,P036,5
37,S02,P039,15
37,S03,P036,20
37,S03,P046,10
37,S04,P003,10
37,S04,P036,10
37,S05,P003,25
37,S05,P039,5
37,S06,P010,10
37,S06,P026,10
37,S06,P036,20
37,S06,P039,5
37,S06,P046,10
37,S08,P003,10
37,S08,P036,20
37,S08,P039,10
37,S09,P036,5
37,S10,P036,25
37,S10,P046,15
38,S01,P026,15
38,S01,P036,10
38,S01,P039,10
38,S01,P046,10
38,S03,P039,15
38,S04,P036,25
38,S05,P026,10
38,S06,P003,20
38,S06,P010,5
38,S06,P039,25
38,S06,P046,10
38,S07,P026,10
38,S09,P003,10
38,S10,P003,15
38,S10,P010,15
39,S01,P036,10
39,S01,P039,15
39,S01,P046,5
39,S02,P010,10
39,S03,P010,10
39,S03,P026,15
39,S03,P036,15
39,S03,P039,15
39,S04,P039,15
39,S04,P046,10
39,S05,P039,20
39,S06,P003,5
39,S06,P039,15
39,S06,P046,5
39,S07,P003,15
39,S07,P046,15
39,S08,P003,10
39,S08,P010,15
39,S08,P026,5
39,S08,P039,10
39,S10,P046,15
40,S01,P003,20
40,S01,P010,10
40,S02,P003,10
40,S03,P003,15
40,S03,P039,15
40,S04,P046,10
40,S05,P039,20
40,S05,P046,15
40,S07,P010,5
40,S08,P003,10
40,S10,P003,10
40,S10,P039,15
41,S01,P046,10
41,S02,P010,25
41,S02,P046,10
41,S03,P010,15
41,S03,P046,5
41,S04,P010,20
41,S04,P046,20
41,S05,P026,10
41,S07,P010,25
41,S07,P036,10
41,S07,P039,15
41,S08,P003,20
41,S09,P003,20
41,S10,P036,25
42,S02,P003,20
42,S02,P046,25
42,S03,P003,10
42,S03,P026,15
42,S04,P010,20
42,S05,P046,15
42,S07,P026,20
42,S08,P003,25
42,S08,P039,10
42,S09,P039,10
42,S09,P046,5
42,S10,P003,10
42,S10,P010,15
42,S10,P039,25
43,S01,P039,5
43,S01,P046,15
43,S02,P003,15
43,S03,P039,10
43,S04,P010,15
43,S04,P039,15
43,S04,P046,20
43,S05,P039,10
43,S05,P046,20
43,S06,P036,10
43,S07,P003,10
43,S07,P026,10
43,S08,P026,10
44,S01,P003,5
44,S01,P026,10
44,S01,P039,15
44,S01,P046,15
44,S02,P039,5
44,S02,P046,10
44,S03,P046,15
44,S04,P026,10
44,S04,P039,10
44,S06,P003,15
44,S07,P010,10
44,S07,P039,5
44,S08,P003,5
44,S08,P036,25
44,S08,P046,10
44,S09,P026,15
44,S09,P046,20
44,S10,P003,5
44,S10,P010,10
45,S01,P039,20
45,S02,P046,20
45,S03,P003,10
45,S04,P036,10
45,S05,P026,20
45,S06,P039,10
45,S07,P003,5
45,S07,P036,10
45,S08,P010,10
45,S09,P010,5
45,S09,P039,10
45,S09,P046,20
45,S10,P036,15
45,S10,P046,5
46,S01,P039,10
46,S02,P010,15
46,S04,P003,5
46,S04,P036,5
46,S04,P039,10
46,S05,P036,10
46,S05,P046,25
46,S07,P036,15
46,S08,P003,10
46,S08,P026,15
46,S09,P026,10
46,S09,P039,5
46,S10,P039,10
47,S01,P003,15
47,S01,P039,10
47,S03,P026,10
47,S03,P039,10
47,S04,P026,15
47,S04,P046,20
47,S05,P026,15
47,S06,P003,15
47,S06,P026,25
47,S06,P039,5
47,S07,P026,10
47,S07,P039,10
47,S08,P039,10
47,S09,P046,10
48,S01,P010,5
48,S01,P039,15
48,S02,P026,25
48,S02,P039,10
48,S04,P003,5
48,S04,P010,15
48,S04,P026,10
48,S05,P026,10
48,S05,P046,15
48,S07,P039,20
48,S08,P003,15
48,S08,P010,10
48,S08,P026,10
48,S08,P036,5
48,S08,P039,25
48,S08,P046,15
48,S09,P026,15
48,S09,P039,10
48,S09,P046,25
49,S01,P036,20
49,S02,P046,15
49,S06,P003,15
49,S07,P026,10
49,S08,P003,15
49,S10,P003,15
49,S10,P010,5
50,S01,P036,15
50,S03,P003,15
50,S03,P046,10
50,S04,P036,15
50,S04,P046,5
50,S05,P003,20
50,S05,P026,5
50,S05,P039,5
50,S06,P046,5
50,S07,P010,15
50,S07,P039,15
50,S08,P003,10
50,S08,P039,20
50,S10,P003,5
50,S10,P010,5
50,S10,P026,10
50,S10,P039,10
51,S01,P046,10
51,S02,P036,20
51,S02,P039,5
51,S03,P003,20
51,S03,P026,15
51,S04,P003,10
51,S04,P046,15
51,S06,P010,10
51,S06,P026,5
51,S07,P003,20
51,S07,P039,15
51,S08,P010,20
51,S09,P010,20
51,S09,P026,5
51,S09,P039,10
51,S10,P010,5
52,S01,P036,20
52,S01,P039,20
52,S01,P046,15
52,S02,P026,5
52,S02,P039,5
52,S02,P046,20
52,S05,P026,25
52,S06,P003,10
52,S07,P003,10
52,S08,P003,20
52,S08,P010,15
52,S09,P010,15
52,S09,P026,10
52,S09,P036,10
52,S10,P003,20
52,S10,P026,15
52,S10,P036,10
52,S10,P039,10
52,S10,P046,5
1,S02,P002,10
1,S05,P013,5
1,S06,P013,10
1,S09,P013,5
1,S09,P034,5
1,S10,P034,5
2,S01,P035,10
2,S02,P008,15
2,S04,P035,5
2,S07,P035,5
2,S10,P002,5
3,S02,P013,10
3,S04,P008,5
3,S06,P002,5
3,S06,P035,15
3,S08,P034,5
4,S01,P035,15
4,S03,P035,10
4,S08,P035,15
4,S10,P013,5
4,S10,P035,10
5,S03,P012,15
5,S03,P013,5
5,S04,P044,10
5,S05,P008,5
5,S06,P012,15
5,S06,P044,15
5,S07,P012,5
5,S08,P012,5
5,S08,P044,5
5,S09,P034,5
6,S02,P002,10
6,S03,P035,5
6,S04,P035,5
6,S05,P008,15
6,S06,P008,10
6,S06,P012,10
6,S06,P035,5
6,S08,P008,5
6,S09,P013,20
7,S01,P008,5
7,S01,P034,5
7,S03,P035,10
7,S04,P008,5
7,S06,P034,15
7,S08,P013,20
7,S09,P008,10
7,S10,P008,10
8,S01,P012,5
8,S01,P034,5
8,S03,P012,5
8,S03,P035,5
8,S05,P002,10
8,S07,P044,5
8,S08,P012,5
8,S10,P008,10
9,S01,P002,10
9,S01,P035,5
9,S03,P035,15
9,S05,P002,5
9,S09,P044,5
9,S10,P044,15
10,S02,P035,10
10,S05,P013,5
10,S08,P035,5
10,S09,P008,20
10,S10,P002,5
11,S01,P044,10
11,S02,P034,15
11,S04,P013,5
11,S05,P012,5
11,S05,P035,5
11,S06,P034,5
11,S09,P012,10
11,S10,P012,15
12,S02,P044,5
12,S03,P002,15
12,S04,P002,10
12,S04,P012,5
12,S05,P012,15
12,S06,P044,20
12,S09,P008,15
12,S09,P044,5
12,S10,P002,5
13,S01,P002,10
13,S01,P044,10
13,S02,P002,5
13,S04,P013,10
13,S04,P034,15
13,S06,P035,5
13,S08,P002,10
13,S08,P013,5
13,S09,P035,10
13,S10,P035,15
14,S01,P002,10
14,S01,P044,10
14,S02,P013,15
14,S02,P044,10
14,S03,P012,10
14,S04,P044,5
14,S06,P008,10
14,S08,P013,10
14,S08,P034,10
14,S09,P013,15
15,S03,P012,5
15,S09,P044,5
16,S02,P012,5
16,S03,P012,5
16,S03,P044,20
16,S04,P012,5
16,S07,P002,5
16,S08,P035,15
17,S06,P044,10
17,S08,P008,15
17,S08,P012,15
17,S09,P013,20
17,S10,P013,10
18,S01,P002,10
18,S03,P008,15
18,S04,P008,15
18,S05,P044,10
18,S06,P034,5
18,S07,P002,5
18,S07,P012,15
18,S08,P034,5
18,S09,P002,10
18,S09,P034,5
19,S07,P012,10
19,S07,P035,10
19,S09,P012,5
19,S10,P012,15
19,S10,P013,5
19,S10,P044,20
20,S02,P044,10
20,S03,P002,5
20,S03,P035,20
20,S04,P008,15
20,S07,P035,15
20,S09,P013,5
21,S02,P008,10
21,S03,P012,5
21,S04,P035,10
21,S08,P002,5
21,S08,P035,15
21,S09,P035,10
22,S02,P012,5
22,S02,P044,20
22,S03,P013,5
22,S04,P035,15
22,S06,P002,10
23,S02,P012,10
23,S04,P044,10
23,S05,P044,15
23,S06,P012,20
23,S08,P034,5
23,S08,P044,5
23,S09,P008,15
23,S09,P013,10
23,S10,P008,10
23,S10,P044,20
24,S03,P008,5
24,S04,P002,10
24,S06,P034,5
24,S10,P044,10
25,S01,P002,15
25,S03,P008,10
25,S06,P008,10
25,S07,P013,15
25,S08,P008,15
26,S05,P008,10
26,S06,P035,5
26,S08,P002,10
26,S08,P008,10
26,S09,P013,10
26,S10,P012,5
27,S02,P008,5
27,S05,P035,5
27,S07,P044,5
27,S10,P008,5
28,S01,P008,5
28,S03,P013,15
28,S04,P002,5
28,S08,P008,20
28,S09,P008,10
28,S09,P012,5
28,S10,P044,10
29,S01,P034,5
29,S03,P034,15
29,S07,P002,5
29,S08,P044,5
30,S01,P013,15
30,S02,P013,5
30,S04,P034,10
30,S08,P002,10
30,S09,P002,5
30,S09,P012,20
30,S09,P044,5
31,S01,P012,10
31,S03,P013,10
31,S04,P034,5
31,S06,P012,10
31,S07,P044,5
31,S09,P002,5
32,S01,P044,5
32,S02,P002,5
32,S02,P008,5
32,S02,P034,10
32,S03,P013,5
32,S04,P002,15
32,S04,P008,10
32,S05,P008,5
32,S06,P012,15
32,S07,P044,5
32,S09,P012,5
33,S02,P008,5
33,S03,P044,15
33,S04,P008,15
33,S05,P008,10
33,S05,P012,15
33,S07,P013,15
33,S08,P013,15
33,S08,P035,5
34,S01,P044,5
34,S03,P034,5
34,S04,P008,5
34,S04,P013,10
34,S04,P044,5
34,S05,P012,10
34,S06,P008,15
34,S06,P012,10
34,S06,P035,10
34,S08,P012,5
34,S10,P035,15
35,S01,P002,15
35,S01,P034,5
35,S05,P035,5
35,S06,P012,5
35,S09,P002,15
35,S09,P013,15
35,S10,P013,5
35,S10,P034,5
36,S02,P013,15
36,S03,P012,5
36,S03,P044,5
36,S08,P034,15
36,S09,P034,5
37,S02,P035,15
37,S04,P012,10
38,S01,P034,15
38,S04,P002,5
38,S07,P008,5
38,S07,P012,10
38,S07,P034,15
38,S08,P044,5
39,S01,P002,10
39,S02,P044,10
39,S03,P035,10
39,S05,P034,5
39,S05,P035,10
39,S08,P013,5
39,S09,P035,5
40,S01,P044,5
40,S02,P002,5
40,S03,P002,5
40,S04,P002,10
40,S06,P012,5
40,S08,P002,10
40,S08,P044,5
40,S09,P044,10
40,S10,P035,10
41,S01,P034,10
41,S02,P002,5
41,S02,P008,10
41,S04,P002,5
41,S05,P012,10
41,S06,P002,15
41,S06,P035,15
41,S08,P002,5
41,S08,P008,10
41,S10,P002,5
41,S10,P035,5
42,S01,P012,5
42,S02,P013,5
42,S02,P034,10
42,S03,P044,10
42,S04,P044,20
42,S05,P002,5
42,S05,P035,10
42,S07,P002,5
42,S08,P002,20
42,S08,P034,10
42,S10,P008,5
42,S10,P034,5
43,S01,P012,5
43,S04,P008,5
43,S06,P012,10
43,S06,P013,10
43,S09,P035,10
43,S10,P034,15
44,S01,P013,5
44,S01,P034,10
44,S02,P002,15
44,S02,P034,15
44,S04,P012,5
44,S05,P002,10
44,S06,P008,10
44,S07,P008,5
44,S08,P035,20
45,S01,P034,10
45,S06,P002,15
45,S08,P002,15
45,S09,P013,5
45,S10,P013,10
46,S04,P044,5
46,S07,P012,10
46,S07,P013,5
46,S08,P008,15
46,S10,P013,15
46,S10,P034,10
47,S01,P008,5
47,S02,P035,5
47,S03,P044,5
47,S06,P012,5
47,S08,P044,10
47,S09,P035,5
47,S10,P012,5
48,S03,P012,5
48,S04,P012,10
48,S06,P008,5
48,S10,P035,5
49,S03,P012,5
49,S04,P008,15
49,S04,P044,5
49,S05,P002,10
49,S06,P012,20
49,S07,P013,5
49,S09,P044,5
50,S02,P012,10
50,S03,P002,10
50,S04,P002,10
50,S04,P035,15
50,S05,P035,15
50,S06,P008,10
50,S06,P034,5
50,S07,P008,5
50,S08,P002,5
50,S08,P013,5
50,S09,P002,5
50,S09,P012,5
51,S04,P035,20
51,S08,P002,5
51,S08,P008,5
51,S08,P013,15
51,S08,P035,10
51,S09,P034,5
51,S10,P008,5
52,S01,P013,10
52,S05,P035,5
52,S05,P044,10
52,S07,P012,5
